nome;source
Notebook Lenovo Thinkpad T480 14  I5 8ª 8gb Ssd 256gb;https://lista.mercadolivre.com.br/notebooks
Lenovo E14 G2core I5-113g7  8gb De Ram Nvme De 256gb W10 Pro;https://lista.mercadolivre.com.br/notebooks
"Notebook Lenovo Ideapad 1 Intel Core i3 1215U 8GB RAM 256GB SSD Windows 11 Home Tela 15,6"" 82VY000SBR";https://lista.mercadolivre.com.br/notebooks
Notebook Asus Vivobook 15 X1504va Intel Core I5 1334u 8gb Ram 512gb Ssd Linux Keepos Intel Iris Xe Tela 15,6 Led Fhd Silver - Nj1741;https://lista.mercadolivre.com.br/notebooks
Notebook Samsung Galaxy Book4 Intel® U300 (1.20 Ghz, até 4.4GHz, 8 MB L3 Cache), Windows 11 Home, 8GB, 256GB SSD, UHD Graphics, 15.6'' Full HD LED, 1.55kg;https://lista.mercadolivre.com.br/notebooks
Notebook Acer Aspire 5 Ryzen 7 15.6 Radeon 512gb 8gb Linux;https://lista.mercadolivre.com.br/notebooks
Notebook Lenovo T480 Core I5-8ªth 16gb Ssd 240gb Tela Hd Cor Black - Excelente (Recondicionado);https://lista.mercadolivre.com.br/notebooks
Notebook Acer A515-57-5429 Intel Core i5-12450H 16GB RAM 512GB SSD Tela de 15,6'' Linux Gutta;https://lista.mercadolivre.com.br/notebooks
Notebook Gamer Acer Nitro V Intel Core i7 13ª Geração 16GB 512GB RTX4050 Linux Gutta 15.6' FHD ANV15-51-7037;https://lista.mercadolivre.com.br/notebooks
Notebook Dell Inspiron I15-i120k-a25p I5 8gb 512gb 15.6 W11;https://lista.mercadolivre.com.br/notebooks
Notebook Asus X515 Intel Celeron Dual Core N4500 4gb Ram 128gb Ssd Windows 11 Home Tela 15,6 Led Hd Slate Grey - Br309ws;https://lista.mercadolivre.com.br/notebooks
"Notebook Positivo Duo 2 em 1 Intel Celeron C4128B-3 4GB 128GB 11,6"" IPS HD Windows 11";https://lista.mercadolivre.com.br/notebooks
Notebook Lenovo Ideapad 1i Intel Core i5 - 1235U, 8GB RAM, 512GB SSD, Windows 11 Home, Tela 15,6'' HD - 82VY000QBR;https://lista.mercadolivre.com.br/notebooks
"Notebook Positivo Vision Intel Core i3 8gb RAM 256gb Ssd Tela 15.6"" Full Hd Linux - Preto";https://lista.mercadolivre.com.br/notebooks
Notebook Lenovo Ideapad 1i Celeron Office 365 4gb 128gb W11;https://lista.mercadolivre.com.br/notebooks
Notebook VAIO FE15 Intel Core i5 12th 16GB 512GB SSD Tela 15,6'' Full HD Antirreflexo Windows 11 Home Cinza Grafite B2621H;https://lista.mercadolivre.com.br/notebooks
Notebook Gamer Acer Nitro V ANV15-51-57WS Intel® Core™ i5-13420H 13ªGeração 512SSD 8GB Nvidia® GeForce® RTX 3050 GDDR6 Linux Gutta 15,6';https://lista.mercadolivre.com.br/notebooks
Notebook Acer Aspire 15 A15-51M-56KR / Intel® Core™ i5-13420H 13ª geração / 16 GB / 512SSD / 15.6” Full HD;https://lista.mercadolivre.com.br/notebooks
Notebook Positivo Vision C14 Lumina BAR Celeron 4GB 128GB eMMC Tela 14 Polegadas HD Antirreflexo Windows 11 Tecla Link Cinza;https://lista.mercadolivre.com.br/notebooks
Notebook Acer Aspire 5 A515-45-r0xr Ryzen7 8gb 256gb Ssd 15.6 Full Hd Linux Gutta;https://lista.mercadolivre.com.br/notebooks
"Notebook Acer Aspire 3 Intel Core I3 - N305, 8G RAM, 256GB SSD, Windows 11 Home, Tela 15,6"" Full HD - A315-510P-34XC 110V/220V";https://lista.mercadolivre.com.br/notebooks
"Notebook ASUS Vivobook Go E1504GA Intel Core i3 N305 8GB Ram 512GB SSD Windows 11 Tela 15,6"" FHD Silver - NJ435W";https://lista.mercadolivre.com.br/notebooks
Notebook Acer Gamer Nitro V15 Intel Core i7 13ª Ger. 32GB 512SSD RTX3050 com 6GB GDDR6 Nvidia GeForce Linux Gutta ANV15-51-73BP;https://lista.mercadolivre.com.br/notebooks
Gaming Laptop, Laptop Intel Core I5 Up To 3.60ghz, 16 Inc...;https://lista.mercadolivre.com.br/notebooks
Notebook Multi Ultra Celeron N4020c 4gb 128gb W11 15,6'' Cinza - Ub261;https://lista.mercadolivre.com.br/notebooks
"Notebook Gamer Acer Nitro V Intel Core I5 - 13420H, 8GB Ram, 512GB SSD, NVIDIA RTX4050, Windows 11 Home, Tela 15,6"" Full HD - ANV15-51-54DL";https://lista.mercadolivre.com.br/notebooks
Notebook Positivo Vision C15 Lumina Bar Celeron 4gb 128gb Emmc Tela 15 Hd Antirreflexo Windows 11 Tecla Link Cinza;https://lista.mercadolivre.com.br/notebooks
Notebook Acer Nitro V15 ANV15-51-58AZ Core I5-13420h 8gb 512gb Rtx 3050 Cor Preto;https://lista.mercadolivre.com.br/notebooks
Notebook Dell Inspiron I15-i120k-a35p I5 16gb 1tb 15.6 W11;https://lista.mercadolivre.com.br/notebooks
Notebook VAIO FE16 AMD Ryzen 5-5625U Linux 8GB RAM 256GB SSD Wi-Fi 6 Tela 16'' IPS WUXGA Antirreflexo - Cinza Grafite - Vjfe69f11x-b0411h - Permite upgrade de memória RAM e SSD;https://lista.mercadolivre.com.br/notebooks
"Notebook Positivo Vision C15 Lumina Bar Celeron, 8GB 128GB eMMC, Tela 15.6"" HD Antirreflexo, Windows 11, Tecla Link, Cinza";https://lista.mercadolivre.com.br/notebooks
Notebook Lenovo Ideapad 1i Intel Core I3 - 1215U, 4GB RAM, 256GB SSD, Windows 11 Home, Tela 15.6'' - 82VY000TBR Cor cinza;https://lista.mercadolivre.com.br/notebooks
Notebook Positivo Vision R15 Lumina Bar, AMD Ryzen 5 8GB 256GB, Tela 15 polegadas Full HD Antirreflexo, Linux - Preto;https://lista.mercadolivre.com.br/notebooks
Notebook Asus Vivobook Go Core I3 N305 4gb 256ssd W11 Fhd;https://lista.mercadolivre.com.br/notebooks
"Notebook Lenovo IdeaPad 3i Intel Core I3 - 1115G4, 8GB RAM, 256GB SSD, Windows 11 Home, Tela 15,6"" - 82MD0010BR";https://lista.mercadolivre.com.br/notebooks
Notebook Lenovo Ideapad 1i I7 12gb 512gb Ssd 15,6 Cloud Grey;https://lista.mercadolivre.com.br/notebooks
Notebook Asus Vivobook Go 15 E1504fa Amd Ryzen 5 7520u 8gb Ram 1tb Ssd Linux Keepos Tela 15,6 Fhd Black - Nj1289;https://lista.mercadolivre.com.br/notebooks
"Notebook Vaio fe16 amd ryzen 5-5625u linux 12gb 512gb ssd tela 16"" ips wuxga antirreflexo cinza grafite vjfe69f11x-b1211h memória expansível até 64gb";https://lista.mercadolivre.com.br/notebooks
Notebook Acer Vero AV15-53P-56HM Intel® Core™ i5 – 1335U 15.6” Full HD Intel® Iris® Xe 512 GB SSD 8 GB RAM Windows 11 Home;https://lista.mercadolivre.com.br/notebooks
Notebook Acer Aspire 5 A15-51M-54E6 / Intel Core™ i5-13420H de 13ª Geração / 8GB / 512SSD / Windows 11 Home / 15.6” Full HD;https://lista.mercadolivre.com.br/notebooks
"Notebook ThinkPad E14 14"" black 16GB de Ram 256GB SSD Intel Core i5 - Excelente (Recondicionado)";https://lista.mercadolivre.com.br/notebooks
"Notebook Latitude 3420 14"" preto 8GB de Ram - 256GB SSD - Intel Core i5 - Excelente (Recondicionado)";https://lista.mercadolivre.com.br/notebooks
"Notebook ASUS Vivobook Go E1504FA AMD Ryzen 5 7520U 8GB Ram 256GB SSD Windows 11 Tela 15,6"" FHD Black - NJ825W";https://lista.mercadolivre.com.br/notebooks
Notebook VAIO FE15 Intel Core i5 12ªgen 8GB 512GB SSD Tela 15,6'' Full HD Antirreflexo Linux - Cinza Grafite - VJFE54F11XB2321H;https://lista.mercadolivre.com.br/notebooks
Notebook Vaio Intel Core I7 10ª Geração 16gb Ssd 256gb Cinza (Recondicionado);https://lista.mercadolivre.com.br/notebooks
Notebook Dell Inspiron I15-i120k-a15p I3 8gb 512gb 15.6 W11;https://lista.mercadolivre.com.br/notebooks
Notebook Lenovo V14 Amd R5 7520u 8gb 256gb Ssd W11 Pro Preto;https://lista.mercadolivre.com.br/notebooks
Notebook Dell Inspiron I15-i120k-u25m 15.6  Full Hd 12ª Gera Preto;https://lista.mercadolivre.com.br/notebooks
"Notebook Lenovo IdeaPad 3i Intel Core I3 - 1115G4, 8GB RAM, 256GB SSD, Windows 11 Home, Tela 15,6"" - 82MD0010BR";https://lista.mercadolivre.com.br/notebooks
"Notebook Vaio Fe16 Amd Ryzen 5-5625u Windows 11 Home 8gb RAM 256gb Ssd Wi-Fi 6 Tela 16"" Ips Wuxga Antirreflexo - Cinza Grafite - Vjfe69f11x-b0421h - Permite upgrade de memória RAM e SSD";https://lista.mercadolivre.com.br/notebooks
Notebook VAIO FE15 Intel Core i5 12ªgen 8GB 512GB SSD Tela 15,6'' Full HD Antirreflexo Linux - Cinza Grafite - VJFE54F11XB2321H;https://lista.mercadolivre.com.br/notebooks
Notebook Vaio Intel Core I7 10ª Geração 16gb Ssd 256gb Cinza (Recondicionado);https://lista.mercadolivre.com.br/notebooks
Notebook Dell Inspiron I15-i120k-a15p I3 8gb 512gb 15.6 W11;https://lista.mercadolivre.com.br/notebooks
Notebook Lenovo V14 Amd R5 7520u 8gb 256gb Ssd W11 Pro Preto;https://lista.mercadolivre.com.br/notebooks
Apple Macbook air 13 M4 16gb Ram 256gb Ssd Meia-noite;https://lista.mercadolivre.com.br/notebooks
Notebook Samsung Galaxy Book4 Intel® Core™ i5-1335U, Windows 11 Home, 8GB, 256GB SSD, Iris Xe, 15.6'' Full HD LED, 1.55kg;https://lista.mercadolivre.com.br/notebooks
Notebook Lenovo Ideapad 1i Intel Core i5 - 1235U, 8GB RAM, 512GB SSD, Windows 11 Home, Tela 15,6'' HD - 82VY000QBR;https://lista.mercadolivre.com.br/notebooks
Notebook VAIO FE15 Intel Core i5 12th 16GB 512GB SSD Tela 15,6'' Full HD Antirreflexo Windows 11 Home Cinza Grafite B2621H;https://lista.mercadolivre.com.br/notebooks
Notebook Asus Vivobook 15 X1504va Intel Core I5 1334u 8gb Ram 512gb Ssd Intel Iris Xe Windows 11 Home Tela 15,6 Fhd Silver - Nj1740w;https://lista.mercadolivre.com.br/notebooks
Notebook Hp Probook 440 G9 Intel Core I3-1215u 14 Intel Uhd 256gb 8gb Ram Windows 11 Pro- 839y2la#ak4;https://lista.mercadolivre.com.br/notebooks
Notebook Lenovo LOQ-e 15iax9e Intel Core i5-12450hx 16gb 512gb Ssd Rtx 3050 Windows 11 15.6 - 83me0007br Luna Grey;https://lista.mercadolivre.com.br/notebooks
"Notebook Gamer Acer Nitro V15 I7-13620h 13ªGen 8gb 512gb Rtx3050 6gb Linux 15.6"" FHD Preto - Anv15-51-7837";https://lista.mercadolivre.com.br/notebooks
"Notebook Vaio Fe16 Amd Ryzen 7-5825u Linux 16gb RAM 512gb Ssd Wi-Fi 6 Tela 16"" Ips Wuxga Antirreflexo Cinza Grafite Vjfe69f11xb0121h - Permite upgrade de memória RAM e SSD";https://lista.mercadolivre.com.br/notebooks
"Notebook Lenovo IdeaPad 1i Intel Core i3-1215U 4GB 256GB SSD Linux 14"" 83AFS00500";https://lista.mercadolivre.com.br/notebooks
Notebook Multi Ultra Celeron N4020c 4gb 128gb W11 15,6'' Cinza - Ub261;https://lista.mercadolivre.com.br/notebooks
Notebook Acer Aspire 5 Ryzen 7 15.6 Radeon 512gb 8gb Linux;https://lista.mercadolivre.com.br/notebooks
Notebook VAIO FE16 AMD Ryzen 5-5625U Linux 8GB RAM 256GB SSD Wi-Fi 6 Tela 16'' IPS WUXGA Antirreflexo - Cinza Grafite - Vjfe69f11x-b0411h - Permite upgrade de memória RAM e SSD;https://lista.mercadolivre.com.br/notebooks
"Notebook Lenovo IdeaPad 1 15IAU7 Intel Core i7-1255U HD 15.6"" Intel Iris Xe 512GB SSD 12GB RAM Windows 11- 82VY000PBR";https://lista.mercadolivre.com.br/notebooks
Notebook Samsung Galaxy Book4 Intel® Core™ i5-1335U, Windows 11 Home, 8GB, 256GB SSD, Iris Xe, 15.6'' Full HD LED, 1.55kg;https://lista.mercadolivre.com.br/notebooks
Notebook Vaio Fe15 - Intel Core I3 12th, 8gb 256gb Ssd, Tela 15,6'' Full Hd Antirreflexo, Linux - Vjfe54f11x-b0921h - Cinza Grafite;https://lista.mercadolivre.com.br/notebooks
Notebook Lenovo Ideapad 1i Intel I5-1235u 8gb 512gb 15,6 W11;https://lista.mercadolivre.com.br/notebooks
Notebook Asus Vivobook 15 X1504va Intel Core I5 1334u 8gb Ram 256gb Ssd Windows 11 Home Intel Iris Xe Tela 15,6 Led Fhd Blue - Nj1737w;https://lista.mercadolivre.com.br/notebooks
Notebook Acer Aspire 15 555Q Intel Ci5 13gen 8gb 256ssd W11;https://lista.mercadolivre.com.br/notebooks
Notebook Positivo Vision C15 Lumina Bar Celeron 8gb 128gb Emmc 15 Hd Linux - Cinza;https://lista.mercadolivre.com.br/notebooks
Notebook Lenovo T490 Core I5 8365u 1.6ghz Ssd 256gb 16gb 8ª Cor Preto;https://lista.mercadolivre.com.br/notebooks
Notebook Asus Vivobook 15 X1504va Intel Core I5 1334u 16gb Ram 512gb Ssd Windows 11 Home Tela 15,6 Led Fhd Blue - Nj1745w;https://lista.mercadolivre.com.br/notebooks
"Notebook Acer Aspire 5 Intel Core I5 - 12450H 8GB RAM 256GB SSD Windows 11 Home Tela 15,6"" Full HD A515-57-55B8 Bivolt";https://lista.mercadolivre.com.br/notebooks
Notebook Vaio Fe15 Amd Ryzen 5 8gb Ram 256gb Windows 11 Home Cor Cinza;https://lista.mercadolivre.com.br/notebooks
Notebook Acer Aspire 5 15.6 Fhd I5-12450h 256gb Ssd 8gb Cor Cinza;https://lista.mercadolivre.com.br/notebooks
Notebook Hp 256r G9 Intel Core I5-1335u 15.6 Hd Intel Uhd Graphics 256gb Ssd 8gb Ram Windows 11 Home 64 Sl- Ay6z4la#ak4;https://lista.mercadolivre.com.br/notebooks
Notebook Dell Inspiron 5402 Core I5 11th 8gb 256gb Ssd Win10 - Excelente (Recondicionado);https://lista.mercadolivre.com.br/notebooks
"Notebook Vaio Fe16 Amd Ryzen 7-5825u Linux 32gb RAM 512gb Ssd Wi-Fi 6 Tela 16"" Ips Wuxga Antirreflexo - Cinza Grafite - Vjfe69f11xb0221h - - Permite upgrade de memória RAM e SSD";https://lista.mercadolivre.com.br/notebooks
Notebook Hp 250r G9 Intel Core I5 1335u 8gb 256gb Ssd 15.6 W11 Pro Ay6w3la;https://lista.mercadolivre.com.br/notebooks
Notebook ASUS Vivobook Go 15 E1504FA AMD Ryzen 3 7320U 4Gb Ram 128Gb SSD Windows 11 Home Tela 15,6 FHD Mixed Black - NJ1364W;https://lista.mercadolivre.com.br/notebooks
Notebook Hp 256r G9 Intel Core I3-1315u 15.6 Hd Intel Uhd Graphics 256gb Ssd 8gb Ram Windows 11 Home 64 Sl - AN1A2LA#AK4;https://lista.mercadolivre.com.br/notebooks
Notebook Samsung Book4 I5-1335u 8gb 256gb Ssd 15,6 Full Hd Windows 11 Pro Np754xgj-kg5br 110v/220v;https://lista.mercadolivre.com.br/notebooks
Notebook Dell Inspiron I15-i120k-a10p 15.6 I3 8gb 256gb W11;https://lista.mercadolivre.com.br/notebooks
Notebook Dell 15.6 Fhd I5 8gb 512gb Ssd Rtx 3050;https://lista.mercadolivre.com.br/notebooks
Notebook Samsung Galaxy Book3 360 Intel Core I5 1335U, 8GB, 256GB SSD Tela 13.3' Windows11H - NP730QFG-KF2BR;https://lista.mercadolivre.com.br/notebooks
Notebook Lenovo Ideapad 1i I5 1235u 8gb 512gb Ssd Win11 Home;https://lista.mercadolivre.com.br/notebooks
Notebook Dell Latitude 7490 I7 8° 16gb Ssd 512gb Win 11;https://lista.mercadolivre.com.br/notebooks
Notebook Lenovo Thinkpad T495 Ryzen 5 Pro Ram 8gb Ssd 256gb;https://lista.mercadolivre.com.br/notebooks
Notebook Positivo Vision R15 Lumina Bar, Amd Ryzen 7 8gb 256gb, Tela 15 Full Hd Antirreflexo, Linux - Preto;https://lista.mercadolivre.com.br/notebooks
"Notebook Lenovo Ideapad 1i Intel Core i3 1215U 4GB 256GB Linux 15,6"" HD 82VYS00600";https://lista.mercadolivre.com.br/notebooks
Notebook Gamer ASUS TUF Gaming A15, Ryzen 7, RTX 2050, 8GB RAM, 512GB SSD, Tela 15.6 IPS 144Hz, Linux KeepOS, Graphite Black - FA506NFR-HN069;https://lista.mercadolivre.com.br/notebooks
Notebook 2 Em 1 Dell Inspiron 2in1-i1300-m10c 14  Fhd+ Touch Prata Gelo;https://lista.mercadolivre.com.br/notebooks
Notebook Lenovo Thinkpad T470 Core I5 6ta 240gb + 8gb Cor Preto - Excelente (Recondicionado);https://lista.mercadolivre.com.br/notebooks
Notebook Lenovo Ideapad 1 Ryzen 5 - 7520u 8gb 512gb Ssd Linux 15.6 82X5S00500;https://lista.mercadolivre.com.br/notebooks
Notebook Positivo Vision C15 Lumina Bar Celeron, 8gb 256gb Emmc, Tela 15 Polegadas Hd Antirreflexo, Linux, Tecla Link, Cinza;https://lista.mercadolivre.com.br/notebooks
Notebook Samsung Galaxy Book4, Windows 11 Home, Intel® Core 5, 16gb, 512gb Ssd, Nvidia® Geforce® Mx570, 15.6'' Full Hd Led, Fingerprint - Grafite;https://lista.mercadolivre.com.br/notebooks
Notebook Dell Inspiron I15-i120k-u25m 15.6  Full Hd 12ª Gera Preto;https://lista.mercadolivre.com.br/notebooks
"Notebook Lenovo IdeaPad 3i Intel Core I3 - 1115G4, 8GB RAM, 256GB SSD, Windows 11 Home, Tela 15,6"" - 82MD0010BR";https://lista.mercadolivre.com.br/notebooks
"Notebook Vaio Fe16 Amd Ryzen 5-5625u Windows 11 Home 8gb RAM 256gb Ssd Wi-Fi 6 Tela 16"" Ips Wuxga Antirreflexo - Cinza Grafite - Vjfe69f11x-b0421h - Permite upgrade de memória RAM e SSD";https://lista.mercadolivre.com.br/notebooks
Notebook Positivo Vision C15 Lumina Bar Celeron, 8gb 256gb Emmc, Tela 15 Polegadas Hd Antirreflexo, Linux, Tecla Link, Cinza;https://lista.mercadolivre.com.br/notebooks
Notebook Samsung Galaxy Book4, Windows 11 Home, Intel® Core 5, 16gb, 512gb Ssd, Nvidia® Geforce® Mx570, 15.6'' Full Hd Led, Fingerprint - Grafite;https://lista.mercadolivre.com.br/notebooks
Notebook Asus Vivobook 16 Intel Core I7 1355U 16GB RAM 1TB SSD Windows 11 Home Tela 16 Fhd Cool Silver – X1605VA-MB764W;https://lista.mercadolivre.com.br/notebooks
Notebook Thinkpad T460 I5 8gb/ssd240gb Windows10pro Digital - Bom (Recondicionado);https://lista.mercadolivre.com.br/notebooks
"Notebook ASUS VivoBook Go 15 AMD Ryzen 5 7520U 8GB 512GB SSD KeepOS Tela 15,6"" FHD Mixed Black - E1504FA-NJ732";https://lista.mercadolivre.com.br/notebooks
Notebook Samsung Galaxy Book4 Intel® Core™ i5-1335U, Windows 11 Home, 8GB, 256GB SSD, Iris Xe, 15.6'' Full HD LED, 1.55kg;https://lista.mercadolivre.com.br/notebooks
Notebook Lenovo Ideapad 1i Intel Core i5 - 1235U, 8GB RAM, 512GB SSD, Windows 11 Home, Tela 15,6'' HD - 82VY000QBR;https://lista.mercadolivre.com.br/notebooks
Notebook VAIO FE15 Intel Core i5 12th 16GB 512GB SSD Tela 15,6'' Full HD Antirreflexo Windows 11 Home Cinza Grafite B2621H;https://lista.mercadolivre.com.br/notebooks
Notebook Asus Vivobook 15 X1504va Intel Core I5 1334u 16gb Ram 512gb Ssd Linux Keepos Intel Iris Xe Tela 15,6 Led Fhd Blue - Nj1746;https://lista.mercadolivre.com.br/notebooks
"Notebook ASUS TUF Gaming F15 Intel Core i7 13620H RTX4060 16GB RAM 512GB SSD Windows 11 Home Tela 165Hz Nivel IPS 15,6"" FHD Mecha Gray - FX507VV-HQ333W";https://lista.mercadolivre.com.br/notebooks
Notebook Asus Vivobook S14 S3407va Intel Core I7 13620h 16gb Ram 512gb Ssd Windows 11 Tela 14 Led Fhd Silver - Ly043w;https://lista.mercadolivre.com.br/notebooks
Notebook Dell Inspiron 15 Intel I7 1255u 8gb 512gb Ssd Preto;https://lista.mercadolivre.com.br/notebooks
Notebook I5 8350u Ssd 240 Gb 8gb Ddr4 Usb C Hdmi Lan T480;https://lista.mercadolivre.com.br/notebooks
Notebook Lenovo Ideapad 1 Ryzen 3 7320U 4gb 256gb SSD Linux 15.6 HD 82x5s00600;https://lista.mercadolivre.com.br/notebooks
Notebook Multi Ultra Celeron N4020c 4gb 128gb W11 15,6'' Cinza - Ub261;https://lista.mercadolivre.com.br/notebooks
Notebook Acer Aspire 5 Ryzen 7 15.6 Radeon 512gb 8gb Linux;https://lista.mercadolivre.com.br/notebooks
Notebook VAIO FE16 AMD Ryzen 5-5625U Linux 8GB RAM 256GB SSD Wi-Fi 6 Tela 16'' IPS WUXGA Antirreflexo - Cinza Grafite - Vjfe69f11x-b0411h - Permite upgrade de memória RAM e SSD;https://lista.mercadolivre.com.br/notebooks
"Notebook Lenovo Ideapad Intel Celeron - N4020, 4GB RAM, 128SSD, Windows 11 Home C/office, Tela Led 15,6"", Cor Cinza - 82VX0001BR";https://lista.mercadolivre.com.br/notebooks
Notebook Asus X515ka-br309ws Celeron 4gb 128gb W11 Home 15,8;https://lista.mercadolivre.com.br/notebooks
"Notebook Acer Aspire 3 Intel Core i3– N305 FHD 15.6"" LED TN UHD para processadores Inte 256GB SDD 8GB RAM Debian 64 bits Prata - A315-510P-320B";https://lista.mercadolivre.com.br/notebooks
Notebook Positivo Vision C14 Lumina Bar Celeron 8gb 256gb Emmc Tela 14 Polegadas Hd Antirreflexo Linux Tecla Link - Cinza;https://lista.mercadolivre.com.br/notebooks
Notebook Hp Elitebook 845 G8 Ryzen 3 Pro 16gb Ram 256gb Ssd Prata (Recondicionado);https://lista.mercadolivre.com.br/notebooks
"Notebook Lenovo Yoga Slim 7i Intel Core Ultra 5 125H 16gb RAM 512gb SSD Windows 11 Home Tela 14"" 83GM0003BR";https://lista.mercadolivre.com.br/notebooks
Notebook Lenovo Ideapad 1i Intel I5-1235u 8gb 512gb 15,6 W11;https://lista.mercadolivre.com.br/notebooks
Notebook Positivo Vision C14 Intel® Celeron® Linux 4GB 128GB eMMC 14” HD Lumina BAR – Cinza;https://lista.mercadolivre.com.br/notebooks
Notebook Asus Vivobook 15 X1504va Intel Core I5 1334u 8gb Ram 256gb Ssd Linux Keepos Intel Iris Xe Tela 15,6 Led Fhd Silver - Nj1739;https://lista.mercadolivre.com.br/notebooks
Notebook Asus Vivobook 16 X1607qa Qualcomm Snapdragon X1 26 100 16gb Ram 512gb Ssd Windows 11 Home Tela 16 Fhd Silver - Mb062w;https://lista.mercadolivre.com.br/notebooks
Notebook Lenovo Ideapad 1i Intel Core I3 - 1215U, 4GB RAM, 256GB SSD, Windows 11 Home, Tela 15.6'' - 82VY000TBR Cor cinza - Excelente (Recondicionado);https://lista.mercadolivre.com.br/notebooks
Notebook Positivo Vision R15 Lumina Bar Amd Ryzen 5 16gb 512gb, Tela 15 Full Hd Antirreflexo, Linux - Preto;https://lista.mercadolivre.com.br/notebooks
Notebook Asus Tuf Gaming F16 Fx607vu Rtx4050 Intel Core 5 210h 16gb Ram 512gb Ssd Windows 11 Tela Nível Ips 16 Led 144hz Gray - Rl053w;https://lista.mercadolivre.com.br/notebooks
Notebook Lenovo Intel Core I5 8350u 8gb Ddr4 Ssd M.2 256gb - Excelente (Recondicionado);https://lista.mercadolivre.com.br/notebooks
Notebook Acer Vero Av15-53p-56hm I5 8gb 512gb Nx.kpual.001;https://lista.mercadolivre.com.br/notebooks
"Notebook ASUS Vivobook 15 M1502YA AMD Ryzen 7 5825U 16GB Ram 1TB SSD Linux KeepOS 15,6"" FHD Cool Silver - NJ613";https://lista.mercadolivre.com.br/notebooks
"Notebook ASUS Vivobook Go 15 E1504FA-NJ836W AMD Ryzen 5 7520U 2,8 GHz 8GB 512GB SSD Windows 11 Home 15,6"" Full Hd Preto";https://lista.mercadolivre.com.br/notebooks
Notebook Asus Zenbook S14 Oled Ux5406sa Intel Core Ultra 7 256v 16gb Ram 1tb Ssd Windows 11 Home Tela 14 Fhd 120hz Gray - Pz176w;https://lista.mercadolivre.com.br/notebooks
Notebook Asus Vivobook Go 15 E1504fa Amd Ryzen 3 7320u 4gb Ram 128gb Ssd Linux Keepos Tela 15,6 Fhd Black - Nj1291;https://lista.mercadolivre.com.br/notebooks
Notebook Gamer Acer Nitro V15 I5-13420h 512gb 8gb Rtx 3050;https://lista.mercadolivre.com.br/notebooks
"Notebook Vaio Fe16 Amd Ryzen 5-5625u Windows 11 Home 8gb RAM 256gb Ssd Wi-Fi 6 Tela 16"" Ips Wuxga Antirreflexo - Cinza Grafite - Vjfe69f11x-b0421h - Permite upgrade de memória RAM e SSD";https://lista.mercadolivre.com.br/notebooks
Notebook Acer Vero AV15-53P-51MR Intel Core i5 – 1335U de 13ªG 8GB 512GB SSD W11 15.6 FHD;https://lista.mercadolivre.com.br/notebooks
Notebook Lenovo LOQ-e 15iax9e Intel Core i5-12450hx 16gb 512gb Ssd Rtx 3050 Linux 15.6 - 83mes00000 Luna Grey;https://lista.mercadolivre.com.br/notebooks
Dell Latitude 3450 i5-1335U SSD de 256 GB Ddr5 Hd Win11 Pro Cinza;https://lista.mercadolivre.com.br/notebooks
Notebook Positivo Vision R15 Lumina Bar, Amd Ryzen 5 16gb 512gb, Tela 15 Polegadas Full Hd Antirreflexo, Windows 11 Home Tecla Copilot - Preto;https://lista.mercadolivre.com.br/notebooks
Notebook Asus Zenbook 14 Oled Ux3405ma Intel Core Ultra 9 185h Ai 32gb Ram 1tb Ssd Windows 11 Home Tela 14 Blue - Pp809w;https://lista.mercadolivre.com.br/notebooks
"Notebook Gamer Dell G15-i1300-D35P 15.6"" FHD 13ª Geração Intel Core i5 16GB 512GB SSD NVIDIA RTX 3050 Linux";https://lista.mercadolivre.com.br/notebooks
Notebook Dell Core I5 10th Gen 16gb Ram 256gb Ssd Windows 11 Prateado (Recondicionado);https://lista.mercadolivre.com.br/notebooks
"Notebook ASUS Vivobook Go 15 E510KA Intel Celeron Dual Core N4500 4GB Ram 128GB EMMC Windows 11 Home 15,60"" HD Black - BR808WS";https://lista.mercadolivre.com.br/notebooks
Notebook Lenovo Ideapad Slim 3 15irh10 Intel Core i5-13420h 16gb 512gb Ssd Windows 11 15.3 - 83ns0001br Luna Grey;https://lista.mercadolivre.com.br/notebooks
Notbook Lenovo T480 Intel Core I5-83350u 16gb Ssd 256gb 14 - Excelente (Recondicionado);https://lista.mercadolivre.com.br/notebooks
Notebook Asus Vivobook 15 M1502ya Amd Ryzen 7 5825u 16gb Ram 512gb Ssd Windows 11 Home Tela 15.6 Led Fhd Silver - Nj655w;https://lista.mercadolivre.com.br/notebooks
Notebook Lenovo LOQ 15irx9 Intel Core i7-13650hx 16gb 512gb Ssd Rtx 4050 Linux 15.6 - 83khs00100 Luna Grey;https://lista.mercadolivre.com.br/notebooks
Notebook Gamer Lenovo Loq-e Ci5 Rtx3050 512gb 16gb W11+ubook;https://lista.mercadolivre.com.br/notebooks
"Notebook ASUS Vivobook 15 M1502YA AMD Ryzen 7 5825U 16GB Ram 512GB SSD Linux KeepOS 15,6"" FHD Cool Silver - NJ612";https://lista.mercadolivre.com.br/notebooks
Notebook Dell Inspiron I15-i120k-u25m 15.6  Full Hd 12ª Gera Preto;https://lista.mercadolivre.com.br/notebooks
"Notebook Lenovo IdeaPad 3i Intel Core I3 - 1115G4, 8GB RAM, 256GB SSD, Windows 11 Home, Tela 15,6"" - 82MD0010BR";https://lista.mercadolivre.com.br/notebooks
"Notebook Vaio Fe16 Amd Ryzen 5-5625u Windows 11 Home 8gb RAM 256gb Ssd Wi-Fi 6 Tela 16"" Ips Wuxga Antirreflexo - Cinza Grafite - Vjfe69f11x-b0421h - Permite upgrade de memória RAM e SSD";https://lista.mercadolivre.com.br/notebooks
"Notebook ASUS Vivobook 15 M1502YA AMD Ryzen 7 5825U 16GB Ram 512GB SSD Linux KeepOS 15,6"" FHD Cool Silver - NJ612";https://lista.mercadolivre.com.br/notebooks
Notebook Dell Latitude 3400 I5 8a Geração 16gb Ram 240gb Ssd;https://lista.mercadolivre.com.br/notebooks
Notebook Dell, Lat 3490, Tela 14'', I5 7a Ger, 8gb, Ssd256gb - Bom (Recondicionado);https://lista.mercadolivre.com.br/notebooks
Notebook Asus Vivobook 16 X1605va Intel Core I7 1355u 8gb Ram 512gb Ssd Linux Keepos Tela 16 Ips Fhd Silver - Mb742;https://lista.mercadolivre.com.br/notebooks
Notebook Samsung Galaxy Book4 Intel® Core™ i5-1335U, Windows 11 Home, 8GB, 256GB SSD, Iris Xe, 15.6'' Full HD LED, 1.55kg;https://lista.mercadolivre.com.br/notebooks
Notebook Multi Ultra Celeron N4020c 4gb 128gb W11 15,6'' Cinza - Ub261;https://lista.mercadolivre.com.br/notebooks
Notebook VAIO FE16 AMD Ryzen 5-5625U Linux 8GB RAM 256GB SSD Wi-Fi 6 Tela 16'' IPS WUXGA Antirreflexo - Cinza Grafite - Vjfe69f11x-b0411h - Permite upgrade de memória RAM e SSD;https://lista.mercadolivre.com.br/notebooks
Notebook Asus Celeron N4020 15.6 128gb W11h X515ma-br933ws;https://lista.mercadolivre.com.br/notebooks
Notebook Lenovo Thinkpad T480 I5-8º 8gb 240gb Ssd Vitrine Cor Black - Excelente (Recondicionado);https://lista.mercadolivre.com.br/notebooks
Notebook Lenovo E14 Thinkpad Core Ultra 7 155u 32gb 1tb Ssd Preto (Recondicionado);https://lista.mercadolivre.com.br/notebooks
Notebook Lenovo V14 G4 Amd Ryzen 5 7520u 8gb 256gb Dos 14;https://lista.mercadolivre.com.br/notebooks
Apple Macbook Air (13 polegadas, 2020, Chip M1, 256 GB de SSD) - Cinza-espacial;https://lista.mercadolivre.com.br/notebooks
Notebook Gamer Acer Nitro V15 15.6 Fhd 144hz I5-13420h Ssd 512gb 8gb Ddr5 Rtx 2050 4gb Linux Gutta Anv15-51-50kd;https://lista.mercadolivre.com.br/notebooks
Notebook Positivo Vision R15 Lumina Bar, AMD Ryzen 5 8GB 256GB, Tela 15 polegadas Full HD Antirreflexo, Linux - Preto;https://lista.mercadolivre.com.br/notebooks
Notebook Acer Vero AV15-53P-56HM Intel® Core™ i5 – 1335U 15.6” Full HD Intel® Iris® Xe 512 GB SSD 8 GB RAM Windows 11 Home;https://lista.mercadolivre.com.br/notebooks
Notebook Acer Ryzen 7 Octa-cor 12gb Nvme 512gb 15.6' Full Hd;https://lista.mercadolivre.com.br/notebooks
"Notebook Latitude 5400 14"" preto 256GB SSD - Intel Core i5 - Excelente (Recondicionado)";https://lista.mercadolivre.com.br/notebooks
Notebook Lenovo V14 G4 Intel Core I5 8gb 256gb W11 Pro 14;https://lista.mercadolivre.com.br/notebooks
Notebook Lenovo Thinkbook 14 Intel Core i7 32gb 1tb W11pro;https://lista.mercadolivre.com.br/notebooks
Chromebook Lenovo 100e Intel Celeron N4500 4gb 32gb;https://lista.mercadolivre.com.br/notebooks
Notebook Samsung Galaxy Book4 I3- 1335u 512gb Np754xgj-kg3br;https://lista.mercadolivre.com.br/notebooks
Apple Macbook Air 13.6 256gb SSD/16GB RAM M3 Chip Amv Color Silver;https://lista.mercadolivre.com.br/notebooks
Notebook Compaq Presario 452 14.1 Hd I5-6287u 1tb 8gb Linux;https://lista.mercadolivre.com.br/notebooks
Notebook Gamer 15  I5 16gb Placa Vídeo Jogos Trabalho Estudo;https://lista.mercadolivre.com.br/notebooks
Notebook Asus Tuf Gaming F16 Fx608jhr Nvidia Rtx 5050 Intel Core I7 14650hx 16gb Ram 512gb Ssd Windows 11 Home Tela 16 165hz Nível Ips Cinza - Rv016w;https://lista.mercadolivre.com.br/notebooks
Notebook Asus Vivobook 15 X1504va Intel Core I5 1334u 4gb Ram 256gb Ssd Linux Keepos Tela 15,6 Led Fhd Silver - Nj1726;https://lista.mercadolivre.com.br/notebooks
Notebook Asus Vivobook Go E1504ga Intel Core I3 N305 8gb Ram 512gb Ssd Linux Keepos Tela 15,6 Fhd Silver - Nj438;https://lista.mercadolivre.com.br/notebooks
Notebook Gamer 15  I5 16gb Placa Vídeo Jogos Trabalho Estudo;https://lista.mercadolivre.com.br/notebooks
Acer Aspire 5 15.6 Fhd I7-12650h Ssd 256gb 8gb Linux Gutta Cor Gamut;https://lista.mercadolivre.com.br/notebooks
Notebook Multi Ultra Celeron N4020c 4gb 128gb W11 14'' Cinza;https://lista.mercadolivre.com.br/notebooks
Notebook Dell Latitude 3440 Intel Core I5 12th 8gb 256 Gb Cor Cinza;https://lista.mercadolivre.com.br/notebooks
Notebook Acer Core I5 12th Gen 32gb Nvme 1tb, 15.6' Full Hd;https://lista.mercadolivre.com.br/notebooks
Notebook Asus Vivobook Go 15 E1504fa Amd Ryzen 5 7520u 4gb Ram 256gb Ssd Linux Keepos Tela 15,6 Fhd Black - Nj1287;https://lista.mercadolivre.com.br/notebooks
Notebook Hp Core I5 11th 16gb Ram 256gb Ssd Hdmi Wifi Win11 Prateado (Recondicionado);https://lista.mercadolivre.com.br/notebooks
Notebook Ideapad 1 R3 8gb 256gb W11 15.6 82x5000abr AMD Ryzen 3;https://lista.mercadolivre.com.br/notebooks
Notebook Lenovo Thinkpad T14 I5 16gb 256gb Ssd W11 Pro 14 - Excelente (Recondicionado);https://lista.mercadolivre.com.br/notebooks
"Notebook ASUS Vivobook 15 X1504VA Intel Core i5 1334U 8Gb Ram 512Gb SSD Windows 11 Home Intel Iris Xe Tela 15,6"" LED FHD Blue - NJ1743W";https://lista.mercadolivre.com.br/notebooks
Notebook Asus Vivobook 15 Core I5 8gb 256ssd W11 15,6 Prata Cor Prata metálico;https://lista.mercadolivre.com.br/notebooks
"Notebook ASUS Vivobook 15 X1504ZA Intel Core i5 1235U 8GB Ram 512GB SSD Windows 11 Tela 15,6"" FHD Blue - NJ987W";https://lista.mercadolivre.com.br/notebooks
Notebook Core I5 Dell Latitude 16gb Ram 256gb Ssd M2;https://lista.mercadolivre.com.br/notebooks
Notebook Asus Tuf Gaming F16 Fx607vu Rtx4050 Intel Core 5 210h 8gb Ram 512gb Ssd Linux Keepos Tela Nível Ips 16 Led 144hz Gray - Rl054;https://lista.mercadolivre.com.br/notebooks
Notebook VAIO FE15 Intel Core i5 12th 16GB 512GB SSD Tela 15,6'' Full HD Antirreflexo Linux Cinza Grafite VJFE54F11X B2611H;https://lista.mercadolivre.com.br/notebooks
"Notebook VivoBook X543UA 15.6"" cinza-escuro 8GB de Ram - 256GB SSD - Intel Core i5";https://lista.mercadolivre.com.br/notebooks
Notebook Lenovo LOQ-e 15iax9e Intel Core i7-12650hx 16gb 512gb Ssd RTX 4050 Windows 11 Pro 15.6 - 83me000bbr Luna Grey;https://lista.mercadolivre.com.br/notebooks
Notebook Lenovo V14 G4 Iru Intel Core I5 8gb 256gb W11 14;https://lista.mercadolivre.com.br/notebooks
Notebook Lenovo V14 G4 Intel Core i5 16GB RAM 512GB SSD Windows 11 Pro;https://lista.mercadolivre.com.br/notebooks
Notebook ASUS Vivobook 15 Core I5 1235U 3.3 GHz 8GB Ram 256GB SSD W11 Home Tela 15,6” NanoEdge Full HD Cool Silver X1504ZA-NJ985W;https://lista.mercadolivre.com.br/notebooks
"Notebook Ideapad 1i Intel Core i7 1255U 16GB RAM 512GB SSD Windows 11 Home Tela 14"" HD 83AF000FBR";https://lista.mercadolivre.com.br/notebooks
Notebook Lenovo Loq 15irx9 Intel Core i7-13650hx 16gb 512gb Ssd Rtx 4050 Windows 11 15.6 - 83kh0003br Luna Grey;https://lista.mercadolivre.com.br/notebooks
Notebook Dell Inspiron I15-i120k-u25m 15.6  Full Hd 12ª Gera Preto;https://lista.mercadolivre.com.br/notebooks
"Notebook Vaio Fe16 Amd Ryzen 5-5625u Windows 11 Home 8gb RAM 256gb Ssd Wi-Fi 6 Tela 16"" Ips Wuxga Antirreflexo - Cinza Grafite - Vjfe69f11x-b0421h - Permite upgrade de memória RAM e SSD";https://lista.mercadolivre.com.br/notebooks
Notebook Samsung Galaxy Book4 Intel® Core™ i5-1335U, Windows 11 Home, 8GB, 256GB SSD, Iris Xe, 15.6'' Full HD LED, 1.55kg;https://lista.mercadolivre.com.br/notebooks
Notebook Lenovo Loq 15irx9 Intel Core i7-13650hx 16gb 512gb Ssd Rtx 4050 Windows 11 15.6 - 83kh0003br Luna Grey;https://lista.mercadolivre.com.br/notebooks
Notebook Positivo Vision I15 Lumina Bar, Core I3, 11th, 8gb 512gb Ssd, Tela 15 Polegadas, Full Hd Antirreflexo, Windows 11 - Cinza;https://lista.mercadolivre.com.br/notebooks
Notebook Lenovo LOQ-e 15iax9e Intel Core i7-12650HX 16gb 512gb SSD RTX 4050 Windows 11 15.6 - 83me0002br Luna Grey;https://lista.mercadolivre.com.br/notebooks
Notebook Lenovo ThinkBook 14 G6 Intel Core i7-13700H 16GB 512GB SSD Windows 11 - 21NQ000HBR Arctic Grey;https://lista.mercadolivre.com.br/notebooks
Notebook Gamer Acer Nitro V15 15.6 Fhd 144hz I5-13420h Ssd 512gb 8gb Ddr5 Rtx 2050 4gb Linux Gutta Anv15-51-50kd;https://lista.mercadolivre.com.br/notebooks
Notebook Gamer Lenovo Loq-e Ci5 Rtx3050 512gb 16gb W11+ubook;https://lista.mercadolivre.com.br/notebooks
Notebook Positivo Vision C15 Lumina Bar Celeron 8gb 128gb Emmc 15 Hd Linux - Cinza;https://lista.mercadolivre.com.br/notebooks
Notebook Lenovo Ideapad 1 Amd Ryzen 5 8gb 512gb Windows 11;https://lista.mercadolivre.com.br/notebooks
Notebook Asus Vivobook 16 X1605va Intel Core I7 1355u 16gb Ram 512gb Ssd Windows 11 Home Tela 16 Ips Fhd Silver - Mb763w;https://lista.mercadolivre.com.br/notebooks
Notebook Hp 256 G8 Intel I5-10a 8gb 256gb Latitude Vostro Cinza (Recondicionado);https://lista.mercadolivre.com.br/notebooks
"Notebook Vaio Fe16 Amd Ryzen 7-5825u Windows 11 Home 32gb RAM 512gb Ssd Wi-Fi 6 Tela 16"" Ips Wuxga Antirreflexo - Cinza Grafite - Vjfe69f11x-b0211h - Permite upgrade de memória RAM e SSD";https://lista.mercadolivre.com.br/notebooks
Notebook Lenovo Ideapad Slim 3 15irh10 Intel Core i7-13620h 24gb 512gb Ssd Windows 11 15.3 - 83ns0008br Luna Grey;https://lista.mercadolivre.com.br/notebooks
Notebook Vaio Fe15 Amd Ryzen 5 8gb Ram 256gb Windows 11 Home Cor Cinza;https://lista.mercadolivre.com.br/notebooks
Notebook Samsung Galaxy Book4 Windows 11 Home Intel Core I3 8gb 256gb Ssd 15.6'' Full Hd Led 1.55 Kg Grafite;https://lista.mercadolivre.com.br/notebooks
"Notebook Vaio Fe16 Amd Ryzen 7-5825u Linux 32gb RAM 512gb Ssd Wi-Fi 6 Tela 16"" Ips Wuxga Antirreflexo - Cinza Grafite - Vjfe69f11xb0221h - - Permite upgrade de memória RAM e SSD";https://lista.mercadolivre.com.br/notebooks
"Dell Latitude 3490 16 GB RAM 256 GB SSD Processador Intel Core i7 Windows 11 Cor Preto 14"" - Excelente (Recondicionado)";https://lista.mercadolivre.com.br/notebooks
Macbook Pro A2251 2020 13  16gb Ram 512gb Ssd Space Gray;https://lista.mercadolivre.com.br/notebooks
Notebook Acer Aspire 5 Intel Core I3 Linux 4gb 256gb Sdd 14;https://lista.mercadolivre.com.br/notebooks
"Notebook Dell Inspiron 3530 cinza de 15,6"", Intel Core i7 1355U 16 GB de RAM, SSD de 512 GB, NVIDIA GeForce MX550 120 Hz 1920x1080px Windows 11 Home - Bom (Recondicionado)";https://lista.mercadolivre.com.br/notebooks
Notebook HP 15-fd0023dx 15.6 Fhd Touch de 256 GB/8 GB I3 W11 - prata;https://lista.mercadolivre.com.br/notebooks
Notebook Gamer Lenovo Loq-e Ci5-12450 Rtx3050 512gb 16gb W11 Luna Grey;https://lista.mercadolivre.com.br/notebooks
Notebook Positivo Vision R15 Lumina Bar, Amd Ryzen 7 16gb 512gb, Tela 15 Polegadas Full Hd Antirreflexo, Linux - Preto;https://lista.mercadolivre.com.br/notebooks
Notebook Dell, Lat 3490, Tela 14'', I5 7a Ger, 8gb, Ssd256gb - Excelente (Recondicionado);https://lista.mercadolivre.com.br/notebooks
Notebook Asus Vivobook Go 15 Intel Celeron 4gb 128gb Wind11;https://lista.mercadolivre.com.br/notebooks
Notebook Acer Aspire 5 Amd Ryzen 7 15.6 Amd Radeon 512gb 8gb;https://lista.mercadolivre.com.br/notebooks
Notebook Lenovo Ideapad 1 Amd Ryzen 3 8gb 256gb Windows 11;https://lista.mercadolivre.com.br/notebooks
Notebook Hp Probook 640 G8 Core I5-1145g7 16gb Ssd 512gb;https://lista.mercadolivre.com.br/notebooks
Notebook Dell Latitude 3410 Core I5 10ger 8gb 240ssd Win 11 Cor Cinza - Excelente (Recondicionado);https://lista.mercadolivre.com.br/notebooks
Notebook Acer Gamer Nitro V15 Intel Core I7 13ª Ger. 16gb 512ssd Rtx3050 Com 6gb Gddr6 Nvidia Geforce Linux Gutta ANV15-51-73E9;https://lista.mercadolivre.com.br/notebooks
"Notebook Vaio Fe16 Amd Ryzen 7 5825u Linux 8gb RAM 512gb Ssd Wi-Fi 6 Tela 16"" Ips Wuxga Antirreflexo - Cinza Grafite Vjfe69f11xb0321h - Permite upgrade de memória RAM e SSD";https://lista.mercadolivre.com.br/notebooks
"Notebook Inspiron 3530 15.6"" preto 16GB de Ram - 512GB SSD - Intel Core i5";https://lista.mercadolivre.com.br/notebooks
Notebook Asus Vivobook Go 15 E1504ga Intel Core I3 N305 4gb Ram 128gb Ssd Windows 11 Tela 15,6 Fhd Silver - Nj440w;https://lista.mercadolivre.com.br/notebooks
Notebook Lenovo Ideapad 1 R5-7520u 8gb 512gb Ssd Linux 15.6;https://lista.mercadolivre.com.br/notebooks
Notebook Dell Latitude 3410 Core I7 10th 16gb 256gb Ssd Nvme Cor Cinza - Excelente (Recondicionado);https://lista.mercadolivre.com.br/notebooks
Notebook Lenovo Thinkpad P53 I7 9a Ger 32gb 256gb Nvme + 1tb Preto (Recondicionado);https://lista.mercadolivre.com.br/notebooks
Notebook Asus Vivobook 15 X1504va Intel Core I5 1334u 8gb Ram 256gb Ssd Windows 11 Home Intel Iris Xe Tela 15,6 Led Fhd Silver - Nj1738w;https://lista.mercadolivre.com.br/notebooks
Notebook Vaio F14, 13ª Gen Intel Core I7, 16gb 512gb Ssd, 14 Full Hd Antirreflexo, Windows 11 Home, Warm White, Desbloqueio Facial E Por Digital, Teclado Retroiluminado B1011w;https://lista.mercadolivre.com.br/notebooks
Notebook Dell Latitude 3420 Core I7 1165g7  11a 512gb 16gb Cinza (Recondicionado);https://lista.mercadolivre.com.br/notebooks
Notebook Dell Latitude Intel I3-10110 Ram 8gb Ssd 480gb;https://lista.mercadolivre.com.br/notebooks
Notebook Vaio C14 I3-6006u Memória 8gb Hd De 1tb Tela 14'';https://lista.mercadolivre.com.br/notebooks
Notebook Lenovo Lenovo V14 Amd Ryzen 5 8gb 256gb W11;https://lista.mercadolivre.com.br/notebooks
Notebook Hp 840 G7 I5 10a Geração - 8gb Ram - Ssd 240gb W11;https://lista.mercadolivre.com.br/notebooks
"Notebook ASUS TUF Gaming A15 FA506NFR RTX 2050 AMD Ryzen 7 7435HS 16Gb Ram 512Gb SSD Windows 11 Home Tela 144Hz nivel IPS 15,6"" FHD Graphite Black - HN060W";https://lista.mercadolivre.com.br/notebooks
MacBook Air M2 2022 midnight 16GB de Ram - 256GB SSD - Apple M;https://lista.mercadolivre.com.br/notebooks
Notebook Lenovo Thinkpad T14 Intel Core I5 10ager 16gb 256gb;https://lista.mercadolivre.com.br/notebooks
Notebook Hp 256r G9 Ci3 15.6  Uhd Graphics 256gb Ssd 8gb W11 Cinza-escuro;https://lista.mercadolivre.com.br/notebooks
Notebook Lenovo V14 G4 Iru Intel Core I3 8gb 256gb W11 Pro;https://lista.mercadolivre.com.br/notebooks
Notebook Asus Vivobook Go 15 E510ka Intel Celeron Dual Core N4500 4gb Ram 128gb Emmc Windows 11 Home 15,60 Hd Rosa - Br833ws;https://lista.mercadolivre.com.br/notebooks
Notebook Lenovo V14 G4 Iru Intel Core I7 16gb 512gb W11 14;https://lista.mercadolivre.com.br/notebooks
"Notebook Lenovo Ideapad 1 Intel Core i3 1215U 4gb Ram 128gb Ssd Linux Tela 15,6"" Intel Uhd Graphics 82VYS01100";https://lista.mercadolivre.com.br/notebooks
"Notebook Vaio Fe16 Amd Ryzen 5-5625u Windows 11 Home 8gb RAM 256gb Ssd Wi-Fi 6 Tela 16"" Ips Wuxga Antirreflexo - Cinza Grafite - Vjfe69f11x-b0421h - Permite upgrade de memória RAM e SSD";https://lista.mercadolivre.com.br/notebooks
Notebook Gamer Acer Nitro V15 15.6 Fhd 144hz I5-13420h Ssd 512gb 8gb Ddr5 Rtx 2050 4gb Linux Gutta Anv15-51-50kd;https://lista.mercadolivre.com.br/notebooks
Notebook Gamer Lenovo Loq-e Ci5 Rtx3050 512gb 16gb W11+ubook;https://lista.mercadolivre.com.br/notebooks
Notebook Lenovo E14 Intel Core Ultra 7 155u 32gb 1tb Ssd M2 Preto (Recondicionado);https://lista.mercadolivre.com.br/notebooks
Dell Xps 13 9370, Core I7, 16gb Ram, 512gb Ssd, Touch 4k;https://lista.mercadolivre.com.br/notebooks
Notebook Intel Core I7 Dell Ram 16gb Ssd M2 512gb Windows 11 Preto;https://lista.mercadolivre.com.br/notebooks
Notebook Lenovo V15 G4 Intel Core I5 16gb 512gb W11pro 15.6;https://lista.mercadolivre.com.br/notebooks
Notebook Lenovo T480 Core I5-8ªth 16gb Ssd 240gb Tela Hd Cor Black - Bom (Recondicionado);https://lista.mercadolivre.com.br/notebooks
Notebook Samsung Galaxy Book4 Windows 11 Home Intel Core I3 8gb 256gb Ssd 15.6'' Full Hd Led 1.55 Kg Grafite;https://lista.mercadolivre.com.br/notebooks
"Notebook Vaio Fe16 Amd Ryzen 7-5825u Linux 32gb RAM 512gb Ssd Wi-Fi 6 Tela 16"" Ips Wuxga Antirreflexo - Cinza Grafite - Vjfe69f11xb0221h - - Permite upgrade de memória RAM e SSD";https://lista.mercadolivre.com.br/notebooks
Lenovo Loq-e Ci5 Rtx3050 16gb+controle Xbox Pc+giftcard R$50;https://lista.mercadolivre.com.br/notebooks
Notebook Lenovo ThinkBook 14 G6 Intel Core i5-13420H 16GB 512GB SSD Windows 11 - 21NQ000PBR Arctic Grey;https://lista.mercadolivre.com.br/notebooks
"Notebook Latitude 5490 14"" preto 8GB de Ram - 256GB SSD - Intel Core i5";https://lista.mercadolivre.com.br/notebooks
Notebook Acer Aspire 5 A515-45-R36L Ryzen 7 15.6 Radeon 512gb 12gb Linux;https://lista.mercadolivre.com.br/notebooks
Notebook Dell Latitude 3410 Core I3 10ger 8gb 240gb Ssd;https://lista.mercadolivre.com.br/notebooks
Notebook Precision 7540 Xeon 16gb Ddr4 Ssd 512gb Nvidia 4gb;https://lista.mercadolivre.com.br/notebooks
Lenovo Loq-e Ci5 Rtx3050 16gb+controle Xbox + Gift Card R$50;https://lista.mercadolivre.com.br/notebooks
Lenovo Loq-e Ci5 Rtx3050 16gb+controle Xbox + Gift Card R$50;https://lista.mercadolivre.com.br/notebooks
Notebook Positivo Vision C14 Lumina Bar Celeron 8gb 256gb Emmc Tela 14 Polegadas Hd Antirreflexo Linux Tecla Link - Cinza;https://lista.mercadolivre.com.br/notebooks
Apple Macbook Air (13 polegadas, 2020, Chip M1, 256 GB de SSD) - Prata;https://lista.mercadolivre.com.br/notebooks
Notebook ASUS X515KA Intel Celeron Dual Core N4500 4GB Ram 128GB SSD Windows 11 Home 15,6 HD Grey EJ303WS;https://lista.mercadolivre.com.br/notebooks
Notebook Dell Latitude 5420 I7 11o Geração 16gb Ssd 256gb;https://lista.mercadolivre.com.br/notebooks
Notebook Lenovo Ideapad Slim 3 15irh10 Intel Core i7-13620h 16gb 512gb Ssd Linux 15.3 - 83nss00100 Luna Grey;https://lista.mercadolivre.com.br/notebooks
Notebook Lenovo Ideapad 1 Amd Ryzen 5 8gb 512gb Windows 11;https://lista.mercadolivre.com.br/notebooks
Notebook Motion Gray 14'' Q4128c 128g 4gb Ram W10 Positivo Cor Cinza;https://lista.mercadolivre.com.br/notebooks
Notebook Lenovo Ideapad Slim 3 Intel Core I5 8gb 512gb Linux;https://lista.mercadolivre.com.br/notebooks
Macbook Air de 13 polegadas chip SSD M4 de 256 GB azul celeste azul;https://lista.mercadolivre.com.br/notebooks
Notebook Lenovo Thinkpad T480 I5-8º 8gb 240gb Ssd Vitrine Cor Black - Bom (Recondicionado);https://lista.mercadolivre.com.br/notebooks
Notebook Asus Vivobook 16 X1607qa Snapdragon X1 26 100 16gb Ram 1tb Ssd Windows 11 Home Tela 16 Fhd Silver - Mb092w;https://lista.mercadolivre.com.br/notebooks
Notebook Samsung Galaxy Book4 Windows 11 Home Intel Core I3 8gb 256gb Ssd 15.6'' Full Hd Led 1.55 Kg Grafite;https://lista.mercadolivre.com.br/notebooks
Notebook Asus Vivobook 15 X1504za Intel Core I5 1235u 16gb Ram 512gb Ssd Linux Keepos Tela 15,60 Fhd Quiet Blue - Nj931;https://lista.mercadolivre.com.br/notebooks
Notebook Ultra, Linux, 15,6 Pol. HD, Intel Celeron, 240GB SSD/ 8GB RAM, Cinza Escovado - UB262;https://lista.mercadolivre.com.br/notebooks
Apple Macbook Air M4 13 16gb 256gb Ssd Garantia Apple Nf-e;https://lista.mercadolivre.com.br/notebooks
Notebook Lenovo Thinkbook 14 Intel Core I7 32gb 1tb W11pro;https://lista.mercadolivre.com.br/notebooks
Notebook Lenovo V14 G4 Iru Intel Core I3 8gb 256gb W11 Pro;https://lista.mercadolivre.com.br/notebooks
Notebook Hp 256r G9 Intel I5 15.6 256+16gb Intel Iris X W11;https://lista.mercadolivre.com.br/notebooks
Notebook Lenovo Thinkpad T14 Gen 1 Core I7 16gb Ram 256 Ssd Preto (Recondicionado);https://lista.mercadolivre.com.br/notebooks
"Notebook ASUS TUF Gaming F15 FX507VV RTX4060 Intel Core i7 13620H 8Gb Ram 512Gb SSD Linux KeepOS Tela Nível IPS 15,6"" LED 165Hz Mecha Gray - HQ334";https://lista.mercadolivre.com.br/notebooks
"MacBook Pro A2141 16"" cinza-espacial 512GB SSD - Intel Core i7 - Excelente (Recondicionado)";https://lista.mercadolivre.com.br/notebooks
Chromebook Acer Co731c6nn Intel Celeron 4gb Emmc32gb Chros;https://lista.mercadolivre.com.br/notebooks
Notebook Dell Latitude 3440 Core I3 16gb Ssd 240gb C/ Nf;https://lista.mercadolivre.com.br/notebooks
Notebook Dell I5 4th 16gb+ Ssd+ Vga Dedicada 740 + Garantia;https://lista.mercadolivre.com.br/notebooks
"Notebook Lenovo IdeaPad Slim 3 15IRH10 Intel Core i5-13420H 8GB 512GB SSD Windows 11 15.3"" - 83NS0002BR Luna Grey";https://lista.mercadolivre.com.br/notebooks
Notebook Lenovo V14 G4 Iru Intel Core I5 16gb 512gb W11 14;https://lista.mercadolivre.com.br/notebooks
Notebook Dell Latitude 7310 Core I5 16gb Ram 256gb Ssd + Cor Prateado - Excelente (Recondicionado);https://lista.mercadolivre.com.br/notebooks
Notebook Lenovo V15 G4 Intel Core I7 16gb 512gb W11pro 15.6;https://lista.mercadolivre.com.br/notebooks
Notebook Asus Intel I5-1334u 8g 512g Ssd Fhd Windows 11 Pro;https://lista.mercadolivre.com.br/notebooks
Notebook Dell Latitude E5470 I5, 6ª geração, 2,3 GHz, 8 GB, 256 ssd, 14, preto - Excelente (Recondicionado);https://lista.mercadolivre.com.br/notebooks
Tebk Lenv Thinkpad E14 Intel Ultra 5 16gb 512gb W11pr;https://lista.mercadolivre.com.br/notebooks
Notebook Lenovo V15 G4 Iru Intel Core I5 8gb 256gb W11 15.6;https://lista.mercadolivre.com.br/notebooks
Notebook Lenovo Thinkpad E14 Intel Ultra 7 32gb 1tb W11pro;https://lista.mercadolivre.com.br/notebooks
Notebook Asus X515ka Intel Celeron Dual Core N4500 4gb Ram 128gb Ssd Windows 11 Home Tela 15,6 Led Cinza - Br329ws;https://lista.mercadolivre.com.br/notebooks
"Notebook Vaio Fe16 Amd Ryzen 5-5625u Linux 16gb RAM 512gb Ssd Wi-Fi 6 Tela 16"" Ips Wuxga Antirreflexo - Cinza Grafite - Vjfe69f11xb0711h - Permite upgrade de memória RAM e SSD";https://lista.mercadolivre.com.br/notebooks
Notebook Gamer Acer Nitro V15 15.6 Fhd 144hz I5-13420h Ssd 512gb 8gb Ddr5 Rtx 2050 4gb Linux Gutta Anv15-51-50kd;https://lista.mercadolivre.com.br/notebooks
Notebook Samsung Galaxy Book4 Windows 11 Home Intel Core I3 8gb 256gb Ssd 15.6'' Full Hd Led 1.55 Kg Grafite;https://lista.mercadolivre.com.br/notebooks
Lenovo Loq-e Ci5 Rtx3050 16gb+controle Xbox Pc+giftcard R$50;https://lista.mercadolivre.com.br/notebooks
"Notebook Vaio Fe16 Amd Ryzen 5-5625u Linux 16gb RAM 512gb Ssd Wi-Fi 6 Tela 16"" Ips Wuxga Antirreflexo - Cinza Grafite - Vjfe69f11xb0711h - Permite upgrade de memória RAM e SSD";https://lista.mercadolivre.com.br/notebooks
Notebook Lenovo V15 Intel Core I3-1315u 8gb 256gb Ssd Linux;https://lista.mercadolivre.com.br/notebooks
Notebook Lenovo ThinkBook 14 G6 Intel Core i5-13420H 8GB 256GB SSD Windows 11 - 21NQ000QBR Arctic Grey;https://lista.mercadolivre.com.br/notebooks
Notebook Dell Inspiron 5440 Core 7 150u 16gb 512ssd Mx570a Cor Prateado;https://lista.mercadolivre.com.br/notebooks
Notebook Hp Elitebook Core I7 10a Geração 32gb Ram 512gb Ssd Prateado (Recondicionado);https://lista.mercadolivre.com.br/notebooks
Lenovo Loq-e Ci5 Rtx3050 16gb+controle Xbox + Gift Card R$50;https://lista.mercadolivre.com.br/notebooks
Lenovo Loq-e Ci5 Rtx3050 16gb+controle Xbox + Gift Card R$50;https://lista.mercadolivre.com.br/notebooks
Notebook Positivo Vision R15 Lumina Bar, Amd Ryzen 7 16gb 512gb, Tela 15 Polegadas Full Hd Antirreflexo, Linux - Preto;https://lista.mercadolivre.com.br/notebooks
"Dell Latitude 3490 16 GB RAM 256 GB SSD Processador Intel Core i7 Windows 11 Cor Preto 14"" - Aceitável (Recondicionado)";https://lista.mercadolivre.com.br/notebooks
Microsoft Surface 4 13.5 Touchscreen I5;https://lista.mercadolivre.com.br/notebooks
Notebook Lenovo V15 Intel Core I5 8gb 256gb W11 Pro 15.6;https://lista.mercadolivre.com.br/notebooks
Lenovo E14 G2core I5-113g7  8gb De Ram Nvme De 256gb W10 Pro;https://lista.mercadolivre.com.br/notebooks
Notebook Lenovo Thinkpad E14 Intel Ultra 5 16gb 256gb W11;https://lista.mercadolivre.com.br/notebooks
Notebook Lenovo Lenovo V14 G4 Amd Ryzen 5 8gb 256gb Linux;https://lista.mercadolivre.com.br/notebooks
Notebook Lenovo Thinkbook 14 Intel Core I5 16gb 512gb W11;https://lista.mercadolivre.com.br/notebooks
Notebook Lenovo V15 G3 Iap/i5-1235u/8gb/ssd256gb/w11pro;https://lista.mercadolivre.com.br/notebooks
Notebook Lenovo V14 G4 Iru Intel Core I7 16gb 512gb W11 14;https://lista.mercadolivre.com.br/notebooks
Notebook Lenovo V15 G4 Intel Core I5 8gb 256gb W11pro 15.6;https://lista.mercadolivre.com.br/notebooks
Notebook Hp Probook Core I5 6ª Geração 8gb Ssd 240gb - Bom (Recondicionado);https://lista.mercadolivre.com.br/notebooks
Notebook Lenovo V15 G4 Intel Core I7 16gb 512gb W11 15.6;https://lista.mercadolivre.com.br/notebooks
Notebook Lenovo V14 G4 Iru Intel Core I7 16gb 512gb W11 Pro;https://lista.mercadolivre.com.br/notebooks
"Notebook ASUS Vivobook Go 15 E1504GA Intel Core i3 N305 8GB Ram 256GB SSD Windows 11 Home Tela 15,6"" FHD Silver - NJ434W";https://lista.mercadolivre.com.br/notebooks
Notebook Samsung Galaxy Book4, Windows 11 Home, Intel® Core I7, 16gb, 512gb Ssd, 15.6'' Full Hd Led, 1.55 Kg - Grafite;https://lista.mercadolivre.com.br/notebooks
Notebook Samsung Galaxy Book4, Windows 11 Home, Intel® Core 7, 16gb, 512gb Ssd, Nvidia® Geforce® Mx570, 15.6' Full Hd Led, Fingerprint - Grafite;https://lista.mercadolivre.com.br/notebooks
Notebook Lenovo V14 Amd R5 7520u 8gb 256gb Ssd W11 Pro Preto;https://lista.mercadolivre.com.br/notebooks
Notebook Lenovo Ideapad 1 Intel Core I3 8gb 512gb W11 15.6;https://lista.mercadolivre.com.br/notebooks
"Samsung Chromebook 4 Intel Dual-Core 4GB 32GB Tela 11.6"" Prata XE310XBA-KT3BR Google Chrome OS HD LED";https://lista.mercadolivre.com.br/notebooks
Lenovo Loq-e Ci5 Rtx3050 16gb+controle Xbox + Gift Card R$50;https://lista.mercadolivre.com.br/notebooks
Apple Macbook Air (13 polegadas, 2020, Chip M1, 256 GB de SSD) - Ouro;https://lista.mercadolivre.com.br/notebooks
Chromebook Acer Co731-c6nn Celeron 4gb 32 Emmc;https://lista.mercadolivre.com.br/notebooks
Notebook Positivo Vision R15 Lumina Bar, Amd Ryzen 7 32gb 512gb, Tela 15 Polegadas Full Hd Antirreflexo, Linux - Preto;https://lista.mercadolivre.com.br/notebooks
Apple Macbook Air 13 Chip M4 16gb 256gb Ssd Garantia Apple;https://lista.mercadolivre.com.br/notebooks
Notebook Dell Inspiron Intel Core I5 1235U 12ª Geração 16GB RAM, 512 SSD, Linux, Tela 15.6 Full Hd I15-I120K-U30P;https://lista.mercadolivre.com.br/notebooks
Notebook ASUS Vivobook Go 15 E1504FA AMD Ryzen 3 7320U 4Gb Ram 128Gb SSD Windows 11 Home Tela 15,6 FHD Mixed Black - NJ1364W;https://lista.mercadolivre.com.br/notebooks
Notebook Lenovo Ideapad 1 Amd Ryzen 3 4gb 256gb Windows 11;https://lista.mercadolivre.com.br/notebooks
Notebook Dell Core I5 16gb Ddr3 Hd 500 Com Garantia E N.f;https://lista.mercadolivre.com.br/notebooks
Notebook Lenovo V15 G4 Iah Intel Core I5 8gb 512gb Linux;https://lista.mercadolivre.com.br/notebooks
"Notebook Lenovo LOQ-e 15iax9e Intel Core i7-12650hx 16gb 1tb SSD RTX 4050 Windows 11 15.6"" - 83me0000br Luna Grey";https://lista.mercadolivre.com.br/notebooks
Notebook Dell Touchscreen Intel Core I5 16gb Ram Ssd 256gb Cinza (Recondicionado);https://lista.mercadolivre.com.br/notebooks
"MacBook Air M1 2020 13"" cinza-espacial 8GB de Ram - 256GB SSD - Apple Chip";https://lista.mercadolivre.com.br/notebooks
Notebook Dell Core I5 10a Geração 16gb Ram 256gb Ssd Windows Prateado (Recondicionado);https://lista.mercadolivre.com.br/notebooks
Notebook Ultrafino Ideapad 1 R5 16gb 256gb Linux 82x5s00200;https://lista.mercadolivre.com.br/notebooks
Notebook Samsung Galaxy Book4 Pro, Windows 11 Home, Intel® Core™ Ultra 5 125H, 16GB, 512GB SSD, 14'' Full HD AMOLED, Touchscreen, 1.23 kg;https://lista.mercadolivre.com.br/notebooks
Notebook Dell Latitude 3420 Core I7 11th 64gb Ram 1tb Ssd Cor Grafite;https://lista.mercadolivre.com.br/notebooks
Notebook Dell Latitude 5490 Core I5 8th 8gb Ram 256gb Ssd Cor Preto - Excelente (Recondicionado);https://lista.mercadolivre.com.br/notebooks
Notebook Asus Vivobook Go Core I3 N305 8gb 256ssd W11 Fhd Prata Metálico;https://lista.mercadolivre.com.br/notebooks
Notebook Dell Inspiron I15-i120k-u25m 15.6  Full Hd 12ª Gera Preto;https://lista.mercadolivre.com.br/notebooks
"Notebook Lenovo IdeaPad 3i Intel Core I3 - 1115G4, 8GB RAM, 256GB SSD, Windows 11 Home, Tela 15,6"" - 82MD0010BR";https://lista.mercadolivre.com.br/notebooks
"Notebook Vaio Fe16 Amd Ryzen 5-5625u Windows 11 Home 8gb RAM 256gb Ssd Wi-Fi 6 Tela 16"" Ips Wuxga Antirreflexo - Cinza Grafite - Vjfe69f11x-b0421h - Permite upgrade de memória RAM e SSD";https://lista.mercadolivre.com.br/notebooks
Notebook Dell Latitude 5490 Core I5 8th 8gb Ram 256gb Ssd Cor Preto - Excelente (Recondicionado);https://lista.mercadolivre.com.br/notebooks
Notebook Asus Vivobook Go Core I3 N305 8gb 256ssd W11 Fhd Prata Metálico;https://lista.mercadolivre.com.br/notebooks
Notebook Positivo Motion Gray 14'' Hd Intel Celeron N4020 120gb Ssd 4gb Win 11 Home Cinza C4120f-s;https://lista.mercadolivre.com.br/notebooks
"MacBook Air M2 (2022) 13.6"" midnight 8GB de Ram - 256GB SSD - Apple M";https://lista.mercadolivre.com.br/notebooks
Notebook Samsung Galaxy Book4 Intel® Core™ i5-1335U (1.3 Ghz, até 4.6GHz, 12 MB L3 Cache), Windows 11 Home, 16GB, 512GB SSD, Iris Xe, 15.6'' Full HD LED, 1.55kg;https://lista.mercadolivre.com.br/notebooks
Notebook Samsung Galaxy Book4 Intel® Core™ i5-1335U, Windows 11 Home, 8GB, 256GB SSD, Iris Xe, 15.6'' Full HD LED, 1.55kg;https://lista.mercadolivre.com.br/notebooks
Notebook Multi Ultra Celeron N4020c 4gb 128gb W11 15,6'' Cinza - Ub261;https://lista.mercadolivre.com.br/notebooks
Notebook VAIO FE16 AMD Ryzen 5-5625U Linux 8GB RAM 256GB SSD Wi-Fi 6 Tela 16'' IPS WUXGA Antirreflexo - Cinza Grafite - Vjfe69f11x-b0411h - Permite upgrade de memória RAM e SSD;https://lista.mercadolivre.com.br/notebooks
Notebook Lenovo Ideapad 3 - Com Ryzen 5-5500u;https://lista.mercadolivre.com.br/notebooks
"Notebook EliteBook 840 G8 14"" prata 16GB de Ram - 256GB SSD - Intel Core i5";https://lista.mercadolivre.com.br/notebooks
Laptop Dell Latitude 3540 Intel i5-1235U 8 GB 512 GB W11Pro;https://lista.mercadolivre.com.br/notebooks
"Notebook Dell Inspiron 15.6"" Full Hd 12 Geração i5-1235U Memória de 8GB DDR4 SSD 512GB";https://lista.mercadolivre.com.br/notebooks
Notebook Asus Vivobook Intel Core I5 1235u 16gb 512ssd W11;https://lista.mercadolivre.com.br/notebooks
Notebook Gamer Acer Nitro V15 15.6 Fhd 144hz I5-13420h Ssd 512gb 8gb Ddr5 Rtx 2050 4gb Linux Gutta Anv15-51-50kd;https://lista.mercadolivre.com.br/notebooks
Notebook Positivo Vision R15 Lumina Bar, AMD Ryzen 5 8GB 256GB, Tela 15 polegadas Full HD Antirreflexo, Linux - Preto;https://lista.mercadolivre.com.br/notebooks
Notebook Acer Vero AV15-53P-56HM Intel® Core™ i5 – 1335U 15.6” Full HD Intel® Iris® Xe 512 GB SSD 8 GB RAM Windows 11 Home;https://lista.mercadolivre.com.br/notebooks
"Notebook Acer TravelMate Intel® Core™ i7–1355U de 13ª Geração 16GB RAM 512SSD Windows 11 Pro 14"" WUXGA TMP214-55-70G2";https://lista.mercadolivre.com.br/notebooks
Notebook Acer Aspire 5 Intel I5 12450h 8gb Ram 512gb Cinza;https://lista.mercadolivre.com.br/notebooks
Notebook Dell Latitude 5440 Core I7 13th 32gb Ram 512gb Ssd;https://lista.mercadolivre.com.br/notebooks
Notebook Dell Latitude E6540 - Core I5 4310m - 8gb 500gb - Excelente (Recondicionado);https://lista.mercadolivre.com.br/notebooks
Notebook Samsung Galaxy Book Go, Windows 11 Home, Snapdragon® 7c, 4gb, 128gb Ufs, 14'' Full Hd Led, 1.38kg Com Copilot Integrado;https://lista.mercadolivre.com.br/notebooks
"Notebook Dell Latitude 5480 14"" preto 16GB de Ram - 256GB SSD - 16GB HDD - Intel Core i5";https://lista.mercadolivre.com.br/notebooks
Notebook Dell Latitude 3420 Core I7 11ªg 32gb Ram 512gb Ssd Cor Preto;https://lista.mercadolivre.com.br/notebooks
Notebook Samsung Galaxy Book Go Snapdragon® 7c (Kryo™ 468 Octa-core CPU, até 2.55 GHz), Windows 11 Home, 4GB, 128GB UFS, 14'' Full HD LED, 1.38kg;https://lista.mercadolivre.com.br/notebooks
"MacBook Air M2 (2022) 13.6"" space gray 8GB de Ram - 256GB SSD - Apple M";https://lista.mercadolivre.com.br/notebooks
Dell Notebook Core I5 8th 16gb Ssd Win11 Pro Latitude 5400 Cor Cinza-escuro;https://lista.mercadolivre.com.br/notebooks
Notebook Hp 445 G10 Ryzen 5 7530u Radeon 1tb Nvme 32gb Ram Prateado;https://lista.mercadolivre.com.br/notebooks
Notebook Dell Latitude 5420 Core I7 11th 32gb Ram 1tb Ssd Cor Cinza - Excelente (Recondicionado);https://lista.mercadolivre.com.br/notebooks
"Notebook Samsung Galaxy Book Go Snapdragon 7c Kryo 468 Octa-core 4GB RAM 128GB SSD 14"" Full HD W11 com Office 365 NP340XLA-K07BR";https://lista.mercadolivre.com.br/notebooks
"Notebook Ideapad 1i Intel Core i7 1255U, 12GB RAM, 512GB SSD, Linux, Tela 15,6"" HD 82VYS01000";https://lista.mercadolivre.com.br/notebooks
Notebook Lenovo V14 Intel Core i5 8gb 256gb Linux 14 82uls00200 Preto;https://lista.mercadolivre.com.br/notebooks
Notebook Asus Vivobook 15 X1504za Intel Core I5 1235u 8gb Ram 512gb Ssd Windows 11 Tela 15,6 Fhd Silver - Nj986w;https://lista.mercadolivre.com.br/notebooks
Notebook Positivo Q464c Atom 4gb 64gb Ssd 14,1'' Vermelho Windows 10;https://lista.mercadolivre.com.br/notebooks
Notebook Lenovo E14 Amd Ryzen 7 32gb 512gb Windows 11 Pro;https://lista.mercadolivre.com.br/notebooks
Notebook Lenovo Thinkpad E14 Amd Ryzen 5 16gb 512gb W11 Pro;https://lista.mercadolivre.com.br/notebooks
"MacBook Air M2 (2022) 13.6"" silver 8GB de Ram - 256GB SSD - Apple M";https://lista.mercadolivre.com.br/notebooks
Notebook Dell Latitude 3450 I5 16gb 512ssd W11 Pro, cor preta;https://lista.mercadolivre.com.br/notebooks
Notebook Acer Aspire 3 Intel Core I3 11ª 4gb Ssd 512gb 15.6;https://lista.mercadolivre.com.br/notebooks
"Notebook Latitude 5400 14"" preto 16GB de Ram - 240GB SSD - Intel Core i5";https://lista.mercadolivre.com.br/notebooks
Notebook Acer Aspire 5 Intel I5 12450h 8gb Ram 512gb Cinza Cinza;https://lista.mercadolivre.com.br/notebooks
Notebook Lenovo Ideapad 1i Ci3 8gb 256gb W11 15.6 82vy000sbr;https://lista.mercadolivre.com.br/notebooks
Notebook Dell Vostro 3501 I5-10th 8gb Ram 120gb Ssd;https://lista.mercadolivre.com.br/notebooks
Notebook Dell 8265u Core I5 8g 256ssd 8gb  W11 Touch Screen;https://lista.mercadolivre.com.br/notebooks
"Notebook HP 255 G9 15.6""";https://lista.mercadolivre.com.br/notebooks
Notebook Dell Latitude 3550 Full HD Intel Core i5-1335U de 16 GB 512 ssd Windows 11 Pro de 15,6 polegadas, cor cinza;https://lista.mercadolivre.com.br/notebooks
Notebook Lenovo G40 80 Intel I5 5a 8gb Ssd 240gb (Recondicionado);https://lista.mercadolivre.com.br/notebooks
Notebook Lenovo Thinkpad T14 Core I7 11th 32gb Ssd 1tb M.2 Cor Black;https://lista.mercadolivre.com.br/notebooks
Notebook Latitude 5320 Intel Core I7 11°ger 16gb 512gb Ssd Cinza (Recondicionado);https://lista.mercadolivre.com.br/notebooks
Apple Macbook Air 13 Estelar M4 16 Gb, Ssd De 256 Gb;https://lista.mercadolivre.com.br/notebooks
Notebook Asus Vivobook X1404va 14 Fhd 128 gb/8 GB de RAM i3-1315U W11 Quiet Blue;https://lista.mercadolivre.com.br/notebooks
Notebook Dell Inspiron I15-i120k-u25m 15.6  Full Hd 12ª Gera Preto;https://lista.mercadolivre.com.br/notebooks
"Notebook Vaio Fe16 Amd Ryzen 5-5625u Windows 11 Home 8gb RAM 256gb Ssd Wi-Fi 6 Tela 16"" Ips Wuxga Antirreflexo - Cinza Grafite - Vjfe69f11x-b0421h - Permite upgrade de memória RAM e SSD";https://lista.mercadolivre.com.br/notebooks
Notebook Samsung Galaxy Book4 Intel® Core™ i5-1335U, Windows 11 Home, 8GB, 256GB SSD, Iris Xe, 15.6'' Full HD LED, 1.55kg;https://lista.mercadolivre.com.br/notebooks
Apple Macbook Air 13 Estelar M4 16 Gb, Ssd De 256 Gb;https://lista.mercadolivre.com.br/notebooks
Notebook Asus Vivobook X1404va 14 Fhd 128 gb/8 GB de RAM i3-1315U W11 Quiet Blue;https://lista.mercadolivre.com.br/notebooks
Notebook Ultra Win11 14 Pol. Core I5 8gb Ram 256gb Ssd Ub540 Cor Preto;https://lista.mercadolivre.com.br/notebooks
Notebook Hp Probook 640 G7 Core I5-10° Geração 16gb Ssd 512g Prateado;https://lista.mercadolivre.com.br/notebooks
Notebook Asus Vivobook 15 Core I3 4gb 256ssd Linux Prata Cor Prateado;https://lista.mercadolivre.com.br/notebooks
Notebook Core I3 Trabalho/estudo/jogos - Barato Master N190i 8gb Ram (Recondicionado);https://lista.mercadolivre.com.br/notebooks
Notebook Gamer Acer Nitro V15 15.6 Fhd 144hz I5-13420h Ssd 512gb 8gb Ddr5 Rtx 2050 4gb Linux Gutta Anv15-51-50kd;https://lista.mercadolivre.com.br/notebooks
Notebook Gamer Lenovo Loq-e Ci5 Rtx3050 512gb 16gb W11+ubook;https://lista.mercadolivre.com.br/notebooks
Notebook Positivo Vision C15 Lumina Bar Celeron 8gb 128gb Emmc 15 Hd Linux - Cinza;https://lista.mercadolivre.com.br/notebooks
"MacBook Air M2 (2022) 13.6"" starlight 8GB de Ram - 256GB SSD - Apple M";https://lista.mercadolivre.com.br/notebooks
Probook Hp 6460b I5 16gb Ssd 500 Web Cam Super Velocidade;https://lista.mercadolivre.com.br/notebooks
Notebook Lenovo Thinkpad T450 I5- 5300u 8gb 240ssd Preto (Recondicionado);https://lista.mercadolivre.com.br/notebooks
"Notebook Lenovo ThinkPad ThinkPad T14 Gen 3 (Intel) 14"", Intel Core i7 i7-1255U 16GB de RAM 512GB SSD, Integrated Intel Iris Xe Graphics functions as UHD Graphics 60 Hz 1920x1200px Windows 11 Pro";https://lista.mercadolivre.com.br/notebooks
Notebook Predator Helios 300 i7-10750H - Excelente (Recondicionado);https://lista.mercadolivre.com.br/notebooks
"Notebook V-Series V15 15.6"" black 8GB de Ram - 1TB HDD - Intel Core i5 - Excelente (Recondicionado)";https://lista.mercadolivre.com.br/notebooks
Notebook Vaio Fe15 Amd Ryzen 5 8gb Ram 256gb Windows 11 Home Cor Cinza;https://lista.mercadolivre.com.br/notebooks
Notebook Samsung Galaxy Book4 Windows 11 Home Intel Core I3 8gb 256gb Ssd 15.6'' Full Hd Led 1.55 Kg Grafite;https://lista.mercadolivre.com.br/notebooks
"Notebook Vaio Fe16 Amd Ryzen 7-5825u Linux 32gb RAM 512gb Ssd Wi-Fi 6 Tela 16"" Ips Wuxga Antirreflexo - Cinza Grafite - Vjfe69f11xb0221h - - Permite upgrade de memória RAM e SSD";https://lista.mercadolivre.com.br/notebooks
Notebook Dell Latitude 5450 Ultra 5 135u 32gb 1tb Ssd Nvme;https://lista.mercadolivre.com.br/notebooks
Notebook Dell I7 10th 16gb 240gb Ssd Latitude 7310;https://lista.mercadolivre.com.br/notebooks
Notebook Yoga Slim 7x 9ª geração Snapdragon 32gb 1tb14;https://lista.mercadolivre.com.br/notebooks
Ultrabook Lenovo Thinkpad L14 Gen2 I5-1145g7 16gb Nvme256+nf Cor Preto;https://lista.mercadolivre.com.br/notebooks
Notebook Dell Core I7 8a Geração 16gb Ram 256gb Ssd Windows;https://lista.mercadolivre.com.br/notebooks
Notebook Dell Latitude E6430 I5 16gb Hd 240 Ssd Bat. Nova;https://lista.mercadolivre.com.br/notebooks
Notebook Dell Latitude 3400 I5 8265 8gb 240ssd - Excelente (Recondicionado);https://lista.mercadolivre.com.br/notebooks
Macbook Air M4 16gb Ram 256gb Ssd (2025) Midnight Sky Blue Meia-noite;https://lista.mercadolivre.com.br/notebooks
Notebook Dell Inspiron I15 i120k-u20p 15.6 Full Hd 12ª Gera;https://lista.mercadolivre.com.br/notebooks
Notebook Dell Latitude 3450 Ultra5 135u 14t 16gb 512ssd;https://lista.mercadolivre.com.br/notebooks
"MacBook Air 13-inch 13"" midnight 8GB de Ram - 256GB SSD - Apple Chip M3";https://lista.mercadolivre.com.br/notebooks
Notebook Dell Inspiron 15 (3520) 15.6 FHD 512 GB/16 GB de RAM i5-1235U W11;https://lista.mercadolivre.com.br/notebooks
Notebook Asus Vivobook Core I5 8gb 256ssd Linux 15,6 Prata Cor Prateado;https://lista.mercadolivre.com.br/notebooks
Macbook Air M4 16gb 256ssd 13 Pol. Midnight (2025) | Nf-e;https://lista.mercadolivre.com.br/notebooks
Macbook Air M2 2022 Midnight 16gb De Ram - 256gb Ssd - Apple;https://lista.mercadolivre.com.br/notebooks
Macbook Air 13 Apple M4 8-core Gpu 16gb Ram 256gb Ssd Preto;https://lista.mercadolivre.com.br/notebooks
Notebook Dell Vostro 3401 I5 10o 16gb 256gb Ssd Windows 11;https://lista.mercadolivre.com.br/notebooks
Notebook Dell Latitude 5510 Core I5 10310u 16gb 256gb Ssd;https://lista.mercadolivre.com.br/notebooks
Notebook Dell 3420, Tela Full Hd, I5 11ªger, 16gb, Ssd-256gb Cinza (Recondicionado);https://lista.mercadolivre.com.br/notebooks
Notebook Dell Latitude 5290 I5 32gb Ram 1tb Ssd Win11 Hdmi;https://lista.mercadolivre.com.br/notebooks
Notebook Dell Latitude Core I5 8ª Ger 16gb Ssd 256gb Windows Cinza (Recondicionado);https://lista.mercadolivre.com.br/notebooks
Notebook Asus Vivobook Go 15 E1504ga-nj434w Intel Core I3;https://lista.mercadolivre.com.br/notebooks
Notebook Dell Latitude 3490 I5 7ger 16gb Ssd 240gb;https://lista.mercadolivre.com.br/notebooks
Notebook Lenovo Thinkpad T14 Intel Core I5 10ager 16gb 256gb;https://lista.mercadolivre.com.br/notebooks
Notebook Hp Probook 440 G3 I5 8gb Ssd 120gb;https://lista.mercadolivre.com.br/notebooks
Notebook Lenovo Thinkpad X250 Intel Core I5 8gb 256gb Ssd;https://lista.mercadolivre.com.br/notebooks
Notebook Lenovo Thinkpad T480 Intel Core I5 8ag 8gb Ssd128gb;https://lista.mercadolivre.com.br/notebooks
Notebook Dell Latitude 3540 (FM4RY) 16gb 256ssd Fhd preto Intel Core i7 (Novo com caixa aberta);https://lista.mercadolivre.com.br/notebooks
Macbook Air M4 16gb Ram 256gb Ssd (2025) Midnight Sky Blue Azul-celeste;https://lista.mercadolivre.com.br/notebooks
Macbook Air de 13 polegadas chip SSD M4 de 256 GB cor prata;https://lista.mercadolivre.com.br/notebooks
Laptop Dell Inspiron i15-i1300-M50P 15.6 Full HD de 13ª geração RAM 16 GB Core i5 Cor Preto;https://lista.mercadolivre.com.br/notebooks
Notebook Dell Inspiron I15-i120k-u30p 15.6  Full Hd 12ª Gera Preto;https://lista.mercadolivre.com.br/notebooks
Notebook Lenovo E14 Core I7-10ger 16gb 512ssd Windows 11 Preto (Recondicionado);https://lista.mercadolivre.com.br/notebooks
"Notebook Vaio Fe16 Amd Ryzen 5-5625u Windows 11 Home 8gb RAM 256gb Ssd Wi-Fi 6 Tela 16"" Ips Wuxga Antirreflexo - Cinza Grafite - Vjfe69f11x-b0421h - Permite upgrade de memória RAM e SSD";https://lista.mercadolivre.com.br/notebooks
Notebook Gamer Acer Nitro V15 15.6 Fhd 144hz I5-13420h Ssd 512gb 8gb Ddr5 Rtx 2050 4gb Linux Gutta Anv15-51-50kd;https://lista.mercadolivre.com.br/notebooks
Notebook Gamer Lenovo Loq-e Ci5 Rtx3050 512gb 16gb W11+ubook;https://lista.mercadolivre.com.br/notebooks
Notebook Lenovo E14 Core I7-10ger 16gb 512ssd Windows 11 Preto (Recondicionado);https://lista.mercadolivre.com.br/notebooks
Dell Latitude 3470 I7-6th 8gb Ram 240gb Ssd ( Detalhe );https://lista.mercadolivre.com.br/notebooks
Notebook Dell Core I5 10th 16gb Ram 256gb Ssd Hdmi Win11 Pro Prateado (Recondicionado);https://lista.mercadolivre.com.br/notebooks
Notebook Samsung Galaxy Book4 Windows 11 Home Intel Core I3 8gb 256gb Ssd 15.6'' Full Hd Led 1.55 Kg Grafite;https://lista.mercadolivre.com.br/notebooks
"Notebook Vaio Fe16 Amd Ryzen 7-5825u Linux 32gb RAM 512gb Ssd Wi-Fi 6 Tela 16"" Ips Wuxga Antirreflexo - Cinza Grafite - Vjfe69f11xb0221h - - Permite upgrade de memória RAM e SSD";https://lista.mercadolivre.com.br/notebooks
Lenovo Loq-e Ci5 Rtx3050 16gb+controle Xbox Pc+giftcard R$50;https://lista.mercadolivre.com.br/notebooks
Notebook Dell Latitude 3400 Core I5 16gb 240gb Ssd;https://lista.mercadolivre.com.br/notebooks
Notebook Dell 15.6  Fhd Intel I7 16gb 512gb Ssd Preto;https://lista.mercadolivre.com.br/notebooks
HP Envy X360 2 em 1 Core i5 120u 14 Tac 8gb Ram 512gb Ssd Silver Color;https://lista.mercadolivre.com.br/notebooks
"Notebook Dell Inspiron 15 Intel Core i5 - 1334U 13 Geração 8GB RAM 512GB SSD Linux Tela 15,6"" Full HD I15-I1300-U30P";https://lista.mercadolivre.com.br/notebooks
Notebook Dell Inspiron 15.6 Full Hd AMD Ryzen 5 7520U Memória 8GB 512GB SSD Linux I15-A0507-U10P;https://lista.mercadolivre.com.br/notebooks
Notebook Gamer Dell G15-i1300-m75p 15.6  Fhd 13ª Geração Int Preto;https://lista.mercadolivre.com.br/notebooks
Lenovo Loq-e Ci5 Rtx3050 16gb+controle Xbox + Gift Card R$50;https://lista.mercadolivre.com.br/notebooks
Lenovo Loq-e Ci5 Rtx3050 16gb+controle Xbox + Gift Card R$50;https://lista.mercadolivre.com.br/notebooks
Notebook Positivo Vision C14 Lumina Bar Celeron 8gb 256gb Emmc Tela 14 Polegadas Hd Antirreflexo Linux Tecla Link - Cinza;https://lista.mercadolivre.com.br/notebooks
Notebook Dell Inspiron i15-i1300-M30P 15.6 Full HD de 13ª geração 8GB de RAM 512GB SSD cor Preto;https://lista.mercadolivre.com.br/notebooks
Notebook Dell Inspiron 15 - I15-i120k-m25p 15.6 Full Hd 12ª i5 8GB RAM 512 SSD Windows;https://lista.mercadolivre.com.br/notebooks
Notebook Hp 14-dq0054dx Intel Celeron 4/64gb Tela 14  Rose;https://lista.mercadolivre.com.br/notebooks
"Notebook Dell Inspiron 15 Intel Core i7 - 1355U (13ª Geração), 16GB RAM, 1TB SSD, Windows 11 Home, Tela 15,6"" Full HD - I15-I1300-M80P";https://lista.mercadolivre.com.br/notebooks
Notebook Dell Inspiron I15-i1300-m60p 15.6  Full Hd 13ª Gen  Preto;https://lista.mercadolivre.com.br/notebooks
Notebook Dell Inspiron Plus I16-u7155h-m30 16  Qhd+ Intel® C Prata Gelo;https://lista.mercadolivre.com.br/notebooks
Notebook Lenovo T480 Core I5-8350u 16gb Ssd 512gb Hdmi;https://lista.mercadolivre.com.br/notebooks
Notebook Dell Inspiron I15-i1300-m10p 15.6  Full Hd 13ª Gen  Preto;https://lista.mercadolivre.com.br/notebooks
Notebook Gamer Dell G15-i1300-u25p 15.6 Fhd 13ª i5 8GB 512 SSD RTX 3050 Linux;https://lista.mercadolivre.com.br/notebooks
Notebook 2 Em 1 Dell Inspiron 2in1-i150u-m50 14  Fhd+ Touch  Prata Gelo;https://lista.mercadolivre.com.br/notebooks
Notebook Dell Inspiron I14-i120u-m20 14  Fhd+ Intel® Core 5 Prata Gelo;https://lista.mercadolivre.com.br/notebooks
Chromebook Acer Cb514-4ht-359x Intel I3 512/8gb 14  Touch;https://lista.mercadolivre.com.br/notebooks
Notebook Dell Inspiron I15-i1300-m70ps 15.6  Full Hd 13ªgen  Preto;https://lista.mercadolivre.com.br/notebooks
Notebook Gamer Dell G15-i1300-u65p 15.6  Fhd 13ª Geração Int Preto;https://lista.mercadolivre.com.br/notebooks
Notebook 2 Em 1 Dell Inspiron 2in1-i1300-m10 14  Fhd+ Touch  Prata Gelo;https://lista.mercadolivre.com.br/notebooks
Notebook 2 Em 1 Dell Inspiron 2in1-i1300-m30 14  Fhd+ Touch  Prata Gelo;https://lista.mercadolivre.com.br/notebooks
"Notebook Dell Inspiron I15 Intel Core i5 - 1235U (12ª Geração), 16GB RAM, 512 SSD, Windows 11 Home, Tela 15,6"" FULL HD - I15-I120K-M30P";https://lista.mercadolivre.com.br/notebooks
Notebook Lenovo Ideapad Flex 5 2-em-1 I5 Ssd 512 Gb Touch;https://lista.mercadolivre.com.br/notebooks
Notebook Lenovo Ideapad 1 R3-7320U 4GB de RAM 256GB SSD W11 Home 15.6 82x5000ebr;https://lista.mercadolivre.com.br/notebooks
Notebook Ideapad Gaming 3 R7 16gb 512gb Ssd Rtx 3060 Linux Cor Shadow black;https://lista.mercadolivre.com.br/notebooks
Notebook Dell Latitude 3490 Core I5 7th 16gb 256 Ssd M2;https://lista.mercadolivre.com.br/notebooks
Notebook Dell 8265u Core I5 8g 256ssd 8gb  W11 Touch Screen;https://lista.mercadolivre.com.br/notebooks
Notebook Blackview Acebook 8 Tela 15.6 Intel 512/16 Gb Ssd;https://lista.mercadolivre.com.br/notebooks
Notebook Dell Latitude 3420 I5 11th Com 16gb 512gb - Excelente (Recondicionado);https://lista.mercadolivre.com.br/notebooks
Notebook I5 10gen Ssd 256gb 32gb Tela Touch Fhd Hdmi Usb-c N;https://lista.mercadolivre.com.br/notebooks
"Notebook ASUS Vivobook 15 X1504VA Intel Core i5 1334U 16Gb Ram 1TB SSD Linux KeepOS Intel Iris Xe Tela 15,6"" LED FHD Silver NJ2247";https://lista.mercadolivre.com.br/notebooks
"Apple MacBook Pro A2251 (Mid 2020) 13"" - 512 GB de SSD - Cinza-espacial - Bom (Recondicionado)";https://lista.mercadolivre.com.br/notebooks
Notebook Dell Inspiron I15-a0507-m10p 15.6  Full Hd Amd Ryze Preto;https://lista.mercadolivre.com.br/notebooks
Notebook Lenovo Thinkbook 14 Intel Core I7 16gb 512gb W11pro;https://lista.mercadolivre.com.br/notebooks
Notebook Lenovo V14 G4 Intel Core I5 8gb 256gb Ssd Linux 14;https://lista.mercadolivre.com.br/notebooks
"Notebook Latitude 5400 14"" preto 16GB de Ram - 512GB SSD - Intel Core i5";https://lista.mercadolivre.com.br/notebooks
Notebook Hp 240 G7 I5-8250u 8gb 240gb Ssd Cor Preto - Excelente (Recondicionado);https://lista.mercadolivre.com.br/notebooks
Notebook Asus Vivobook S14 Core Ultra 7 32gb 1tb Ssd W11;https://lista.mercadolivre.com.br/notebooks
